{"TotalPlayerEarn":1961012120.990016,"TotalPlayerLost":2009137934.0,"TotalWage":4555778095.0,"TotalRoi":-0.015842570111285273}
