{"TotalPlayerEarn":2266140000.5000129,"TotalPlayerLost":2291851177.0,"TotalWage":5195000950.0,"TotalRoi":-0.010711592032151995}
